time,open,high,low,close
1605684600,1718.5,1731.5,1709.5,1720.5
1605771000,1725,1729,1711.5,1729
1605857400,1728.5,1770.5,1726.5,1768
1606203000,1770.5,1791,1763.5,1771
1606289400,1773.5,1781,1755,1781
1606375800,1781.5,1793.5,1772.5,1778
1606462200,1779,1794,1751,1755.5
1606721400,1760.5,1773,1749,1766.5
1606807800,1765.5,1784.5,1761.5,1775
1606894200,1778,1786.5,1768,1778.5
1606980600,1777.5,1779.5,1768.3,1774
1607067000,1773,1788,1758.5,1764.5
1607326200,1764.5,1764.5,1749,1758.5
1607412600,1756.5,1784.5,1751,1784.5
1607499000,1782,1788,1764,1769
1607585400,1769,1782,1765.5,1774
1607671800,1776,1802.5,1766.5,1786.5
1607931000,1788,1794,1774.5,1777.5
1608017400,1777.5,1794,1777,1783
1608103800,1783,1791.5,1777,1790
1608190200,1790,1795,1783.5,1795
1608276600,1795.5,1801.5,1775.5,1784
1608535800,1778,1779,1748.5,1759.5
1608622200,1761.5,1773.5,1753.5,1762
1608708600,1764.5,1780.5,1762.5,1775.5
1608795000,1775.5,1777.5,1772,1776
1608881400,1775.5,1785.5,1774,1782.5
1609140600,1785,1819.5,1783,1815.5
1609227000,1813.5,1823,1799,1804.5
1609313400,1807,1818.5,1774,1797.5
1609745400,1800,1808.5,1781.5,1785
1609831800,1786,1802,1777.5,1795
1609918200,1799.5,1837,1791.5,1826.5
1610004600,1831.5,1858.5,1819,1858.5
1610091000,1859.5,1866.5,1841,1856
1610523000,1861.5,1885.5,1855,1875.5
1610609400,1875.5,1884.5,1852,1852
1610695800,1854,1859.5,1835,1841
1610955000,1839.5,1860,1838,1856.5
1611041400,1859,1862,1838.5,1847
1611127800,1851.5,1870,1845.5,1856.5
1611214200,1855.5,1859,1840.5,1855.5
1611300600,1852.5,1862,1840.5,1858
1611559800,1858.5,1861,1840,1846.5
1611646200,1850,1865.5,1847,1857
1611732600,1857,1858.5,1816,1827.5
1611819000,1826,1858,1802.5,1804
1611905400,1809.5,1836,1800,1834
1612164600,1834.5,1852,1828.5,1852
1612251000,1846.5,1872.5,1844,1872.5
1612337400,1872.5,1877.5,1861,1865.5
1612423800,1868,1894,1867,1893.5
1612510200,1891.5,1928,1888,1928
1612769400,1923.5,1932,1915.5,1928
1612855800,1925.5,1936.5,1916,1922
1612942200,1924,1940,1912,1928
1613115000,1928.5,1957.5,1923.5,1957.5
1613374200,1960,1978,1954.5,1978
1613460600,1974,1975,1953.5,1972
1613547000,1971,1971,1936.5,1944
1613633400,1942,1944,1918.5,1930
1613719800,1931,1953.5,1928,1939.5
1613979000,1934.5,1941,1899,1902
1614151800,1906,1935.5,1905,1931.5
1614238200,1930,1935.5,1857.5,1875.5
1614324600,1875.5,1904.5,1873.5,1899
1614583800,1902,1919,1882.5,1901.5
1614670200,1902,1907,1888,1903.5
1614756600,1909,1914,1865.5,1890.5
1614843000,1892.5,1910,1860,1891
1614929400,1889.5,1925,1882.5,1902
1615188600,1897,1923,1889.5,1919.5
1615275000,1911,1931,1908.4,1916
1615361400,1919.5,1935.5,1917,1926.5
1615447800,1913.5,1936.5,1901.5,1936
1615534200,1931,1953,1923.5,1945
1615793400,1945,1965.5,1940.5,1960
1615879800,1962.5,1968,1955,1962
1615966200,1962.5,1996.5,1960.5,1988.5
1616052600,1986.5,1998.5,1975,1983.5
1616139000,1988,2012,1965,1974
1616398200,1971,1994,1953.5,1958.5
1616484600,1960.5,1964,1908,1913
1616571000,1913.5,1946.5,1910,1942.5
1616657400,1943.5,1974,1935,1973
1616743800,1972,1997.5,1957,1962
1617003000,1971,1986.5,1966.5,1978
1617089400,1976.5,1982,1948.5,1953.5
1617175800,1955.5,1976.5,1951,1956.5
1617262200,1959.5,1981,1958,1977
1617348600,1976.5,1987,1973,1982
1617607800,1982,1993.5,1951.5,1955
1617694200,1956,1971,1948,1966
1617780600,1963.5,1966,1945.5,1952
1617867000,1949,1979.5,1944.5,1960
1617953400,1960,1974,1953,1959
1618212600,1959.5,1972.5,1953.5,1961.5
1618299000,1961,1964.5,1945.5,1952.5
1618385400,1954,1970,1951,1958
1618471800,1961.5,1965.5,1952,1963.5
1618558200,1965.5,1968,1953,1956.5
1618817400,1956.5,1956.5,1921.5,1927
1618903800,1927,1927.5,1879,1890.5
1618990200,1893.5,1925.5,1886,1921
1619076600,1925,1926,1903.5,1911.5
1619163000,1914.5,1930,1906,1918.5
1619422200,1918.5,1925,1900.5,1903.5
1619508600,1903,1914.5,1897,1906
1619595000,1905,1915,1895.5,1901.5
1619767800,1903,1939,1896,1924
1620286200,1930,1938.5,1915.5,1934
1620372600,1933,1956,1926.5,1954
1620631800,1952,1955,1901,1908.5
1620718200,1904.5,1909.5,1861,1879
1620804600,1886,1890,1844.5,1855.5
1620891000,1847.5,1890,1832.5,1881
1620977400,1878.5,1898.5,1869,1876
1621236600,1877.5,1912.5,1867,1909.5
1621323000,1909,1909,1882,1889
1621409400,1888,1901.5,1869.5,1894.5
1621495800,1893,1910,1880.5,1907.5
1621582200,1908,1920.5,1899,1911.5
1621841400,1915.5,1923,1911,1922
1621927800,1920.5,1925,1906.5,1916.5
1622014200,1916.5,1922.5,1905.5,1906.5
1622100600,1907.5,1950,1905,1948
1622187000,1945,1951,1919,1928.5
1622446200,1929,1934.5,1911.5,1920
1622532600,1922,1947,1915,1940.5
1622619000,1938,1967,1936,1959
1622705400,1955.5,1960,1941,1954
1622791800,1957,1971,1954,1960
1623051000,1958.5,1970.5,1956.5,1965.5
1623137400,1967,1970,1954.5,1954.5
1623223800,1956.5,1963,1948,1958
1623310200,1947.5,1963,1940,1948.5
1623396600,1951.5,1967.5,1948.5,1958
1623655800,1958.5,1974,1955.5,1972.5
1623742200,1972.5,1980.5,1965.5,1971
1623828600,1970.5,1982.5,1955.5,1962.5
1623915000,1964,1971,1939.5,1941
1624001400,1941,1941,1883.5,1900
1624260600,1905.5,1957,1903,1953
1624347000,1949.5,1959.5,1943.5,1944
1624433400,1944,1948,1935,1943
1624519800,1943.5,1964,1943.5,1958.5
1624606200,1956.5,1968,1954.5,1958
1624865400,1960.5,1961.5,1940,1946.5
1624951800,1950,1960,1939.5,1943
1625038200,1941,1948,1925.5,1934.5
1625124600,1941,1958,1932,1954.5
1625211000,1956.5,1957,1941.5,1946
1625470200,1944,1959,1942.5,1950
1625556600,1951.5,1952,1922,1938
1625643000,1940,1943,1917,1921
1625729400,1903,1928.5,1877,1928.5
1625815800,1923,1955,1919.5,1950.5
1626075000,1950.5,1973,1943,1964
1626161400,1964.5,1969.5,1952.5,1959
1626247800,1959.5,1967,1935.5,1935.5
1626334200,1929,1941.5,1924,1926.5
1626420600,1929,1937,1897.5,1905.5
1626679800,1903,1905.5,1866.5,1891
1626766200,1897,1924.5,1885,1907.5
1626852600,1912,1945,1908.5,1926.5
1627284600,1924,1940.5,1914,1934
1627371000,1918,1931.5,1904,1915.5
1627457400,1918,1935,1916,1929.5
1627543800,1933.5,1938.5,1898,1905
1627630200,1906,1941.5,1901.5,1938
1627889400,1942.5,1944.5,1920.5,1927.5
1627975800,1926.5,1933.5,1913,1921
1628062200,1921.5,1928.5,1911.5,1926
1628148600,1927.5,1935,1921.5,1931
1628235000,1930,1950.5,1927,1934.5
1628580600,1936.5,1956,1934,1955
1628667000,1954,1970,1951.5,1955
1628753400,1954.5,1962.5,1949.5,1957
1628839800,1956.5,1961,1918,1922
1629099000,1923.5,1935.5,1912,1912
1629185400,1908,1931.5,1907,1923
1629271800,1919,1927,1893,1895.5
1629358200,1891,1903.5,1874.5,1881.5
1629444600,1874,1918.5,1872,1917
1629703800,1917,1938,1912,1935.5
1629790200,1938.5,1947,1928,1935
1629876600,1936.5,1942,1929,1934
1629963000,1933.5,1940,1918.5,1930
1630049400,1930,1950.5,1928.5,1945.5
1630308600,1946.5,1969,1936.5,1964.5
1630395000,1964,1984,1953,1984
1630481400,1987.5,1989,1973,1982
1630567800,1987,2021.5,1984.5,2018.5
1630654200,2015.5,2047.5,2014,2045
1630913400,2052.5,2085.5,2052.5,2063.5
1630999800,2063.5,2082,2045.8,2078.5
1631086200,2066.5,2085.1,2060,2066.5
1631172600,2047,2075.5,2043.5,2073
1631259000,2075.5,2086,2059.5,2086
1631518200,2092,2104.5,2082.5,2099
1631604600,2095,2095.5,2072,2082.5
1631691000,2084,2090.5,2065,2080
1631777400,2082,2092.5,2069.5,2087.5
1631863800,2048,2058.5,2031,2055.5
1632209400,2060,2070.5,2027.5,2033.5
1632295800,2040,2081.5,2033,2081.5
1632468600,2072.5,2090.5,2063,2073
1632727800,2070.5,2075.5,2046,2055.5
1632814200,2047,2056.5,2018,2039
1632900600,2044.5,2055.5,2022.5,2030.5
1632987000,2042.5,2046,1981,1987
1633073400,1987.5,2009.5,1962.5,1962.5
1633332600,1961.5,1975,1927,1943.5
1633419000,1948,1978.5,1923.5,1939
1633505400,1930.5,1959.5,1914.5,1949.5
1633591800,1947.5,1978.5,1945,1966
1633678200,1962,1997.5,1959,1995
1633937400,1997,2013.5,1974,1974
1634023800,1972,1993.5,1971,1972
1634110200,1971,1988.5,1967.5,1988.5
1634196600,1990,2028.5,1989.5,2028
1634283000,2025.5,2039.5,2012.5,2012.5
1634542200,2013.5,2029.5,2010.5,2027.5
1634628600,2027.5,2042,2025,2029
1634715000,2030.5,2034,2000,2001
1634801400,2001,2013,1983.5,2004
1634887800,2006.5,2010.5,1980.5,1996
1635147000,1996.5,2024,1992.5,2021
1635233400,2020,2027,2004,2008.5
1635319800,2010,2010.5,1985.5,1995.5
1635406200,1999,2008.5,1979,1992.5
1635492600,1994,2046.5,1991,2039
1635751800,2039.5,2046.5,2026,2026
1635838200,2027,2058.5,2023,2057.5
1636011000,2059,2062.5,2032.5,2035.5
1636097400,2034.5,2055,2033.5,2033.5
1636356600,2033.5,2050.5,2018,2022
1636443000,2024,2029,2006,2009.5
1636529400,2017.5,2028,2001.5,2016.5
1636615800,2021,2047,2015,2038.5
1636702200,2040,2058.5,2037,2046
1636961400,2045,2063,2042.5,2048.5
1637047800,2050,2059,2035.5,2036
1637134200,2037,2045,2022.5,2032
1637220600,2033,2048,2025.5,2048
1637307000,2046.5,2047,2025,2045.5
1637566200,2047.5,2054,2014.5,2024
1637739000,2022,2035.5,2014,2024
1637825400,2024,2027,1976,1989
1637911800,1974.5,1982.5,1897,1947.5
1638171000,1952,1977.5,1896,1896
1638257400,1907,1958,1890.5,1958
1638343800,1952,1958,1903,1928
1638430200,1928,1962,1909,1962
1638516600,1961,1965.5,1931,1943
1638775800,1942.5,1996,1934.5,1987
1638862200,1988.5,2011.5,1988.5,2007.5
1638948600,2003.5,2014.5,1990,1994.5
1639035000,1988,1991,1968.5,1973.5
1639121400,1973,1990.5,1971.5,1978.5
1639380600,1974,1983,1962.5,1970
1639467000,1972.5,1986,1957,1984
1639553400,1980.5,2011.5,1980,2010.5
1639639800,2015.5,2022.5,1976,1983
1639726200,1984.5,1990.5,1935.5,1939.5
1639985400,1933,1976,1931,1967.5
1640071800,1970,1978,1958,1964
1640158200,1965.5,1987,1961.5,1985
1640244600,1983.5,1998.5,1980.5,1981.5
1640331000,1982.5,1986,1972,1976
1640590200,1977,2002.5,1974.5,1997
1640676600,1997,2009,1990.5,1994
1640763000,1996,2000.5,1978,1992
1640849400,1995,2031.5,1990,2025
1641281400,2024,2041.5,2024,2037.5
1641367800,2038.5,2049.5,1993,1993.5
1641454200,1999,2015.5,1979.5,1991.5
1641540600,1995,1995.5,1970.5,1983.5
1641886200,1983,2020.5,1980.5,2019
1641972600,2017,2023.5,2003,2005.5
1642059000,2005.5,2011.5,1960,1982
1642145400,1982,2000,1970.5,1988
1642404600,1988,2007,1968,1977.5
1642491000,1976,1980,1912,1924.5
1642577400,1921.5,1948,1906.5,1938.5
1642663800,1940,1949.5,1898.5,1925
1642750200,1929,1936.5,1902.5,1928
1643009400,1927,1927.5,1870,1892
1643095800,1886,1912.5,1876.5,1891
1643182200,1891.5,1920.5,1833,1842.5
1643268600,1849.5,1886,1846.5,1875
1643355000,1873.5,1900.5,1842,1898.5
1643614200,1892.5,1919.5,1881,1894
1643700600,1896.5,1939.5,1889.5,1939
1643787000,1934,1939,1915.5,1919.5
1643873400,1918,1932,1901,1930
1643959800,1929,1930,1906.5,1922.5
1644219000,1926,1942,1916,1932.5
1644305400,1932.5,1958,1926.5,1953
1644391800,1952,1970,1949,1966
1644478200,1964.5,1967.5,1912.5,1932
1644823800,1929.5,1936,1905,1912.5
1644910200,1914.5,1953,1910.5,1945.5
1644996600,1945,1955.5,1919.5,1927
1645083000,1931,1936.5,1904,1921
1645169400,1919,1923.5,1887,1912
1645428600,1915,1917,1868,1881.5
1645515000,1879.5,1912.5,1842.5,1857.5
1645687800,1844,1880,1831.5,1880
1645774200,1878,1914.5,1867,1891
1646033400,1892.5,1912,1885.5,1900
1646119800,1905,1905,1855.5,1859
1646206200,1852,1890,1851,1885.5
1646292600,1883.5,1886,1835.5,1852
1646379000,1854,1858.5,1781,1791.5
1646638200,1793,1811.5,1755.5,1759
1646724600,1755,1783,1747.5,1761.5
1646811000,1770,1835,1765.5,1835
1646897400,1813.5,1814.5,1765.5,1786
1646983800,1789,1814,1773.5,1788.5
1647243000,1792.5,1813,1785.5,1807
1647329400,1797,1837.5,1784,1837.5
1647415800,1839,1882,1837,1880
1647502200,1879.5,1898,1867,1898
1647588600,1895.5,1919,1889,1918.5
1647934200,1920,1964.5,1919,1964.5
1648020600,1958,1966,1930.5,1958.5
1648107000,1959.5,1976.5,1951.5,1963
1648193400,1960,1972,1940.5,1945
1648452600,1954,1972,1951,1961
1648539000,1968.5,1994.5,1949,1968
1648625400,1964,1970.5,1943.5,1946.5
1648711800,1949.5,1954.5,1920,1941.5
1648798200,1948,1958,1939.5,1958
1649057400,1953.5,1974.5,1942.5,1951.5
1649143800,1955,1956.5,1918.5,1927.5
1649230200,1927.5,1929,1881,1891
1649316600,1895.5,1913.5,1883,1898
1649403000,1902,1910,1881.5,1889.5
1649662200,1893.5,1902,1859.5,1861.5
1649748600,1858,1893.5,1858,1893.5
1649835000,1890,1910,1878.5,1909
1649921400,1908.5,1910.5,1880.5,1896.5
1650007800,1898,1898,1862,1876.5
1650267000,1875,1899.5,1872.5,1899.5
1650353400,1894,1926.5,1888.5,1914
1650439800,1914.5,1930,1908.5,1927.5
1650526200,1927,1941.5,1891.5,1903
1650612600,1902,1912.5,1865,1872.5
1650871800,1876.5,1888,1860,1876
1650958200,1870,1875.5,1835,1861
1651044600,1852.5,1903,1848,1903
1651131000,1912,1939,1886,1896
1651476600,1902,1919.5,1881,1919.5
1651822200,1912.5,1916.5,1876.5,1881.5
1652081400,1882,1888.5,1839,1867
1652167800,1868.5,1872,1843.5,1851.5
1652254200,1846,1864.5,1825.5,1830
1652340600,1825,1869,1814,1862
1652427000,1863,1888,1858.5,1859
1652686200,1860,1874,1857.5,1863
1652772600,1865,1891,1864.5,1881.5
1652859000,1881.5,1888,1837.5,1858
1652945400,1847,1880.5,1835.5,1880.5
1653031800,1880.5,1898.5,1859.5,1898.5
1653291000,1895.5,1904.5,1876.5,1878.5
1653377400,1878,1885,1863,1877.5
1653463800,1877,1892.5,1863.5,1878
1653550200,1880,1905,1876,1889
1653636600,1892.5,1927,1890,1923.5
1653895800,1922,1926.5,1908.5,1909
1653982200,1905.5,1942,1904,1941
1654068600,1944.5,1947.5,1917,1928
1654155000,1931,1947,1924.5,1933.5
1654241400,1929.5,1941,1916.5,1935.5
1654500600,1937.5,1957,1936.5,1949.5
1654587000,1953,1970.5,1941,1967
1654673400,1963.5,1975,1954.5,1967
1654759800,1967,1975.5,1936,1942
1654846200,1932,1941.5,1889,1889
1655105400,1890,1892.5,1858,1878
1655191800,1871.5,1876,1848,1852
1655278200,1851,1890,1841,1863.5
1655364600,1849.5,1851,1806.5,1821.5
1655451000,1829,1844,1804,1819.5
1655710200,1820,1860,1817.5,1853
1655796600,1856.5,1874,1847,1850
1655883000,1842,1866.5,1838.5,1849
1655969400,1842.5,1865,1837.5,1865
1656055800,1862,1893,1860,1879.5
1656315000,1884.5,1907.5,1873,1907.5
1656401400,1906.5,1919.5,1885,1885
1656487800,1885,1896,1864.5,1865.5
1656574200,1859.5,1880.5,1834,1837
1656660600,1839,1877,1839,1868.5
1656919800,1869.5,1885,1865,1874
1657006200,1873.5,1875.5,1845.5,1848.5
1657092600,1859,1884,1851.5,1881
1657179000,1880.5,1909,1879.5,1894.5
1657265400,1894.5,1925,1889,1906
1657524600,1908,1917.5,1877.5,1878.5
1657611000,1879.5,1900.5,1876,1885.5
1657697400,1886,1895.5,1868.5,1890
1657783800,1892.5,1901,1871.5,1890
1657870200,1887.5,1907,1887,1900
1658215800,1903,1948.5,1899,1948
1658302200,1949,1952.5,1931,1952
1658388600,1952.5,1958.5,1942.5,1957.5
1658475000,1958,1960,1935,1943.5
1658734200,1944,1953,1938,1944
1658820600,1945,1949.5,1931.5,1947.5
1658907000,1949,1966,1938.5,1946.5
1658993400,1949.5,1959.5,1933.5,1937.5
1659079800,1939.5,1960.5,1936,1960.5
1659339000,1961.5,1967,1921.5,1930
1659425400,1925,1946,1921.5,1927.5
1659511800,1928.5,1947.5,1927.5,1934
1659598200,1935.5,1947.5,1925,1947
1659684600,1944,1952,1936,1949.5
1659943800,1951.5,1961,1933.5,1935
1660030200,1933.5,1939,1923.5,1933
1660116600,1935.5,1986.5,1935,1974.5
1660289400,1975.5,1986,1972,1984
1660548600,1983,1988,1969.5,1985.5
1660635000,1985,2008,1980.5,2005.5
1660721400,2007,2007.5,1984,1989.5
1660807800,1987.5,2005,1987,1995.5
1660894200,1994,1995.5,1973,1988
1661153400,1985,1986,1967,1968
1661239800,1971,1977.5,1963,1966.5
1661326200,1964.5,1980.5,1961,1977
1661412600,1984.5,1989.5,1975,1977
1661499000,1979,1985,1932,1944.5
1661758200,1947,1970.5,1943.5,1967
1661844600,1971.5,1979,1946.5,1962
1661931000,1934.5,1961,1932.5,1934.5
1662017400,1933,1942,1920,1927
1662103800,1930,1945,1917,1930
1662363000,1924.5,1939.5,1921.5,1924.5
1662449400,1934.5,1936,1906,1918
1662535800,1899.5,1938,1897.5,1936.5
1662622200,1933,1950.5,1922.5,1947.5
1662708600,1949,1966,1943,1958
1662967800,1961.5,1969,1957,1965
1663054200,1965,1970,1917,1927.5
1663140600,1926.5,1938,1924.5,1933
1663227000,1934.75,1935.5,1914,1918
1663313400,1917.5,1938,1908,1926
1663659000,1928.5,1929.5,1896.5,1902
1663745400,1900,1919,1882,1900.5
1663831800,1904,1908,1842.5,1844
1664177400,1855,1863,1843,1850
1664263800,1855,1858,1815,1829.5
1664350200,1825.5,1875,1825.5,1862
1664436600,1851.5,1864.5,1829.5,1842.5
1664523000,1853,1860,1814,1848
1664782200,1845.5,1908.5,1840,1903.5
1664868600,1905.5,1926,1905,1911.5
1664955000,1911.5,1931.5,1898,1922.5
1665041400,1918,1918.5,1893.5,1905.5
1665127800,1906.5,1911,1866,1871
1665473400,1871,1884,1862.5,1865.5
1665559800,1863,1874,1845.5,1845.5
1665646200,1850,1906.5,1825.5,1892
1665732600,1888.5,1898.5,1869.5,1875
1665991800,1877,1907.5,1875.5,1903.5
1666078200,1902.5,1912,1886,1903.5
1666164600,1899,1902,1884.5,1893
1666251000,1892.5,1912.5,1881,1885.5
1666337400,1886.5,1906,1876,1884
1666596600,1882,1913.5,1879,1908.5
1666683000,1906,1926.5,1900.5,1918.5
1666769400,1919,1929,1900.5,1904
1666855800,1901,1909,1881.5,1886.5
1666942200,1887.5,1928.5,1887,1926
1667201400,1924.5,1940,1920.5,1940
1667287800,1937.5,1944.5,1927.5,1936
1667374200,1934.5,1940.5,1904,1911.5
1667547000,1913,1939,1912,1936.5
1667806200,1935.5,1962,1931.5,1959
1667892600,1959.5,1964.5,1943,1943
1667979000,1945.5,1953,1929.5,1934.5
1668065400,1932.5,1984,1932.5,1982.5
1668151800,1980,1982.5,1954,1957.5
1668411000,1959,1972.5,1954,1967
1668497400,1968,1977.5,1948,1965.5
1668583800,1966.5,1973,1957,1969
1668670200,1970.5,1976.5,1957,1967.5
1668756600,1968,1976.5,1964.5,1973.5
1669015800,1973,1999.5,1970.5,1995.5
1669102200,1993.5,2025.5,1990.5,2018.5
1669275000,2018,2023.5,2013.5,2020
1669361400,2020,2025,1997,2005
1669620600,2008,2016,1985,1992.5
1669707000,1995.5,1995.5,1975.5,1990
1669793400,1991.5,2004,1981.5,1987
1669879800,1984,1987.5,1944.5,1951.5
1669966200,1953,1955.5,1927,1948
1670225400,1948.5,1953.5,1936,1947.5
1670311800,1947,1954,1929,1945.5
1670398200,1940.5,1944,1923.5,1935.5
1670484600,1937,1961.5,1934.5,1958
1670571000,1957.5,1964,1946,1951.5
1670830200,1951.5,1972.5,1949,1962.5
1670916600,1963,1981.5,1961,1970.5
1671003000,1970,1975,1956,1967
1671089400,1966,1966.5,1942.5,1944
1671175800,1945.5,1945.5,1922.5,1934
1671435000,1934,1940,1860,1904.5
1671521400,1910,1910.5,1883,1889
1671607800,1887,1904.5,1884,1902
1671694200,1900,1902.5,1871.5,1891.5
1671780600,1890.5,1904,1886,1900
1672039800,1899,1914,1898,1904.5
1672126200,1904,1907.5,1893,1903
1672212600,1905,1909,1878.5,1887.5
1672299000,1888.5,1910.5,1884.5,1886
1672385400,1885.5,1888,1859.5,1861
1672817400,1862.5,1878,1860,1863.5
1672903800,1862,1878.5,1855.5,1872
1672990200,1870,1893,1869.5,1879.5
1673335800,1877.5,1900.5,1874,1899
1673422200,1896,1909,1894.5,1905.5
1673508600,1906,1913.5,1885,1901.5
1673595000,1901.5,1902,1877,1882.5
1673854200,1884,1904,1883.5,1904
1673940600,1902.5,1943.5,1900.5,1931
1674027000,1930,1932.5,1912.5,1912.5
1674113400,1913,1927,1905.5,1925.5
1674199800,1926,1949,1926,1944.5
1674459000,1945.5,1974.5,1944,1972.5
1674545400,1971,1983,1960,1979.5
1674631800,1981.5,1987.5,1965,1981.5
1674718200,1980,1989.5,1975,1981.5
1674804600,1981,1988.5,1976,1980.5
1675063800,1978.5,1994.5,1971.5,1975.5
1675150200,1976,1989.5,1967.5,1971
1675236600,1973,1978.5,1958.5,1966
1675323000,1965,1974,1956,1968
1675409400,1967.5,1989,1964.5,1979.5
1675668600,1977.5,1989.5,1970,1979.5
1675755000,1979,1990.5,1967.5,1983
1675841400,1982,1987.5,1970,1980
1675927800,1982.5,1999.5,1975.5,1985.5
1676014200,1980,1988.5,1967,1977.5
1676273400,1978,2000,1977.5,1993.5
1676359800,1994,2005,1982.5,1983.5
1676446200,1984,2005,1984,1998
1676532600,1998.5,2000.5,1985,1988.5
1676619000,1989.5,1999.5,1986,1999
1676878200,1999,2003.5,1991,1995.5
1676964600,1993.5,1997.5,1969.5,1975.5
1677051000,1975.5,1989.5,1964,1982.5
1677223800,1982,1994,1976,1990
1677483000,1992.5,2001.5,1990,1995
1677569400,1993,2001,1984,1997.5
1677655800,1998.5,2005,1991,1994.5
1677742200,1994,2022.5,1990,2019
1677828600,2019,2041.5,2016,2036
1678087800,2036,2047,2033,2046
1678174200,2045.5,2054,2036,2050.5
1678260600,2027.5,2049,2025,2048
1678347000,2046,2047,2004.5,2005
1678433400,2007.5,2014.5,1962.5,1979
1678692600,1976,1979,1910.5,1918
1678779000,1918.5,1949,1912.5,1941
1678865400,1941,1943.5,1874.5,1911
1678951800,1907.5,1937.5,1886,1936.5
1679038200,1938.5,1943,1898,1902.5
1679297400,1890,1946.5,1882.5,1939
1679470200,1938,1950,1913,1931
1679556600,1934,1948.5,1914.5,1936
1679643000,1936.5,1945,1907.5,1941
1679902200,1939,1955,1932,1947
1679988600,1946.5,1972,1938,1970.5
1680075000,1970.5,1988.5,1969.5,1985
1680161400,1985.5,2011,1984.5,2007
1680247800,2004,2021.5,2000.5,2021.5
1680507000,2020.5,2024,2007.5,2020
1680593400,2020,2025,1979.5,1982
1680679800,1982,1983,1958,1963
1680766200,1965.5,1971.5,1960.5,1965.5
1680852600,1965.5,1983,1964.5,1977.5
1681111800,1977,1999,1974,1993
1681198200,1993.5,2008,1990,2007
1681284600,2008,2016.5,1996,2008.5
1681371000,2010.5,2023,2000,2015
1681457400,2017,2028.5,2012,2028.5
1681716600,2029,2044.5,2023.5,2041
1681803000,2043,2048,2032.5,2039.5
1681889400,2038,2043,2025.5,2038.5
1681975800,2035.5,2046,2029,2034
1682062200,2032,2046,2030,2039
1682321400,2039,2055,2039,2042.5
1682407800,2039,2043,2016,2024
1682494200,2022.5,2033,2014,2030
1682580600,2032,2058.5,2031,2058
1682667000,2059.5,2081,2046.5,2081
1682926200,2081,2091.5,2068.5,2076.5
1683012600,2077,2080.5,2034,2071
1683531000,2074,2099,2071,2098.5
1683617400,2096.5,2101.5,2083.5,2087.5
1683703800,2087.5,2090.5,2066,2082
1683790200,2083,2099,2070.5,2097
1683876600,2097.5,2119,2097.5,2119
1684135800,2120,2132,2117.5,2127.5
1684222200,2128.5,2137.5,2126,2131
1684308600,2131.5,2162.5,2130,2157.5
1684395000,2161.5,2178,2158.5,2165.5
1684481400,2167.5,2176,2150.5,2173
1684740600,2173,2189,2155,2156
1684827000,2158,2164,2140.5,2147.5
1684913400,2143,2155,2133,2148
1684999800,2149.5,2167.5,2141,2144.5
1685086200,2147,2182.5,2144,2161.5
1685345400,2165.5,2167,2143,2161
1685431800,2157,2165,2123.5,2126
1685518200,2131,2151.5,2112.5,2149.5
1685604600,2153.5,2183.5,2145,2183.5
1685691000,2187,2225,2187,2223
1685950200,2227,2239.5,2197.5,2230.5
1686036600,2230,2253,2203,2203
1686123000,2197.5,2212,2176,2190
1686209400,2196,2225.5,2179,2219.5
1686295800,2215.5,2239.5,2214.5,2236.5
1686555000,2238.5,2270,2238.5,2263
1686641400,2265,2300,2265,2298
1686727800,2304.5,2312.5,2280.5,2292
1686814200,2297,2301,2274,2292.5
1686900600,2298,2315,2275,2290.5
1687159800,2295.5,2300,2265,2284
1687246200,2278,2297.5,2260.5,2297.5
1687332600,2297,2308.5,2288.5,2290.5
1687419000,2288,2308,2249.5,2259
1687505400,2260,2269.5,2237.5,2255
1687764600,2249,2260.5,2234.5,2253
1687851000,2252.5,2295.5,2247,2295
1687937400,2297,2312,2288.5,2291
1688023800,2291,2297,2273.5,2287
1688110200,2287,2320.5,2286.5,2315
1688369400,2318.5,2325.5,2298.5,2304
1688455800,2303,2310,2287,2304.5
1688542200,2299.5,2300.5,2265.5,2273
1688628600,2266,2273,2244,2254
1688715000,2245.5,2269.5,2237.5,2238.5
1688974200,2236,2256,2229.5,2237
1689060600,2235,2246,2214.5,2223
1689147000,2222.5,2249,2214.5,2241.5
1689233400,2240.5,2258,2224,2235.5
1689319800,2237,2260.5,2218.5,2246
1689665400,2245,2286,2244,2285
1689751800,2287.5,2288,2258,2258.5
1689838200,2254.5,2270.5,2247,2258.5
1689924600,2262.5,2287.5,2262.5,2277.5
1690183800,2278.5,2286.5,2271.5,2284
1690270200,2280.5,2286.5,2269.5,2282
1690356600,2282,2299,2270.5,2299
1690443000,2300,2313.5,2253.5,2290.5
1690529400,2287,2330.5,2286,2327
1690788600,2329.5,2338,2321,2333.5
1690875000,2333,2334,2294.5,2295.5
1690961400,2291,2297.5,2263.5,2267
1691047800,2257.5,2278,2238,2271
1691134200,2269,2288,2258.5,2288
1691393400,2289,2300.5,2280.5,2290
1691479800,2288.5,2292,2275,2284
1691566200,2287.5,2307.5,2271,2307.5
1691652600,2309.5,2323,2276,2283.5
1691998200,2289,2300,2282.5,2289
1692084600,2283.5,2284,2255.5,2257
1692171000,2262,2268.5,2226.5,2255
1692257400,2254,2262,2227.5,2237
1692343800,2232.5,2254,2224.5,2239
1692603000,2242.5,2268,2242.5,2267.5
1692689400,2268.5,2278,2252.5,2275
1692775800,2276.5,2289.5,2266.5,2283.5
1692862200,2282,2284,2257,2267
1692948600,2269,2301.5,2267,2298.5
1693207800,2299.5,2312,2296,2304.5
1693294200,2307.5,2323,2301.5,2310
1693380600,2310,2337.5,2303.5,2330.5
1693467000,2329.5,2354.5,2321,2346.5
1693553400,2345,2377,2345,2377
1693812600,2379.5,2384,2361.5,2375
1693899000,2372.5,2396.5,2366,2394.5
1693985400,2372.5,2377.5,2357.5,2365
1694071800,2363,2369,2333.5,2340.5
1694158200,2340.5,2354.5,2330.5,2343.5
1694417400,2345,2364,2340,2364
1694503800,2359.5,2368,2351.5,2354.5
1694590200,2358.5,2391,2353.5,2385
1694676600,2385.5,2418.5,2383,2405.5
1694763000,2407.5,2413,2385.5,2412.5
1695108600,2417,2422,2384.5,2389
1695195000,2390,2400,2360,2363
1695281400,2363,2366,2334,2358.5
1695367800,2360.5,2370,2351.5,2364.5
1695627000,2367.5,2369.5,2348.5,2351
1695713400,2346.5,2359,2326,2358
1695799800,2359.5,2366,2331.5,2340
1695886200,2339,2356.5,2315,2333.5
1695972600,2331.5,2356.5,2313,2318.5
1696231800,2322,2326.5,2270,2274.5
1696318200,2274.5,2286,2209.5,2209.5
1696404600,2203,2265.5,2203,2259.5
1696491000,2253.5,2278,2251.5,2263
1696577400,2267.5,2316.5,2255.5,2306
1696923000,2312,2320.5,2304,2304.5
1697009400,2308,2347,2300.5,2344.5
1697095800,2342.5,2346,2302.5,2305.5
1697182200,2308,2311,2265.5,2276.5
1697441400,2277,2310.5,2270.5,2291.5
1697527800,2291,2310,2279,2295.5
1697614200,2291,2296,2256.5,2262.5
1697700600,2266,2279,2242,2251
1697787000,2251.5,2260.5,2237.5,2239
1698046200,2234,2247.5,2196,2243
1698132600,2245.5,2270,2230,2253.5
1698219000,2251,2262,2216.5,2223.5
1698305400,2220,2258.5,2215,2256
1698391800,2250.5,2255.5,2221.5,2234.5
1698651000,2236,2261,2221,2254
1698737400,2258,2316.5,2256,2312.5
1698823800,2316.5,2339,2304,2321
1698910200,2323.5,2374,2319.5,2361
1699255800,2361.5,2367,2330.5,2330.5
1699342200,2327.5,2347,2295.5,2302
1699428600,2301.5,2341,2300.5,2330
1699515000,2333.5,2348.5,2312.5,2337
1699601400,2336.5,2357.5,2328,2339
1699860600,2341,2358.5,2338,2343.5
1699947000,2343,2381.5,2343,2370
1700033400,2370,2384.5,2359,2371
1700119800,2372,2395.5,2358.5,2395.5
1700206200,2395.5,2405.5,2368,2369
1700465400,2370,2374,2355,2365.5
1700551800,2363.5,2387.5,2355.5,2376
1700638200,2376.5,2399,2376,2388.5
1700811000,2389.5,2401.5,2376.5,2382.5
1701070200,2383,2390.5,2367.5,2376
1701156600,2374,2377.5,2358,2363
1701243000,2363.5,2376.5,2352,2376
1701329400,2376.5,2388.5,2369.5,2379
1701415800,2380,2384,2347,2359
1701675000,2358,2365,2339,2343
1701761400,2337,2390,2337,2389
1701847800,2382,2385.5,2348.5,2360
1701934200,2356,2358.5,2312,2318
1702020600,2320,2359,2315,2353
1702279800,2354,2375,2347,2348.5
1702366200,2347.5,2360.5,2342.5,2352
1702452600,2354,2354.5,2307.5,2315
1702539000,2317,2338.5,2305.5,2328
1702625400,2329,2331.5,2290.5,2311
1702884600,2308.5,2353.5,2299.5,2333
1702971000,2338.5,2358.5,2326.5,2345.5
1703057400,2343,2345,2315,2324.5
1703143800,2327.5,2345,2320.5,2332.5
1703230200,2331.5,2356,2330.5,2334
1703489400,2335,2341,2326,2334
1703575800,2335.5,2365,2333,2362.5
1703662200,2365,2367,2346.5,2357
1703748600,2355,2376,2347.5,2364
1703835000,2364,2380,2334,2375
1704353400,2377.5,2400.5,2373.5,2391.5
1704439800,2394.5,2431,2390,2412.5
1704785400,2413.5,2451,2400,2447
1704871800,2449,2493.5,2446.5,2493.5
1704958200,2496,2509.5,2475,2496.5
1705044600,2495.5,2536.5,2481.5,2536.5
1705303800,2543,2544,2501,2508
1705390200,2509,2543,2494,2500
1705476600,2496,2508,2486,2502
1705563000,2501,2527.5,2496.5,2510
1705649400,2508,2548.5,2505,2548.5
1705908600,2549,2566,2532.5,2543.5
1705995000,2536.5,2541,2512.5,2532
1706081400,2532.5,2537,2513.5,2530.5
1706167800,2530,2530,2493.5,2494.5
1706254200,2499,2536,2494.5,2529
1706513400,2528.5,2540,2519.5,2520.5
1706599800,2517,2555,2510.5,2553.5
1706686200,2551.5,2554,2521,2530.5
1706772600,2528.5,2550.5,2511.5,2536.5
1706859000,2536,2566,2531,2557.5
1707118200,2557,2560.5,2531.5,2533.5
1707204600,2536.5,2558,2525.5,2548.5
1707291000,2546.5,2573,2541.5,2564
1707377400,2568,2576.5,2545,2558
1707463800,2559.5,2637,2556,2637
1707809400,2637,2637,2569,2588
1707895800,2589,2607.5,2581,2589.5
1707982200,2591.5,2640,2590,2631.5
1708068600,2631,2646.5,2617,2646.5
1708327800,2643.5,2651.5,2624,2640
1708414200,2639.5,2641,2614,2629
1708500600,2630.5,2664,2624.5,2659.5
1708587000,2661.5,2686.5,2657.5,2677
1708932600,2678,2693,2672.5,2683.5
1709019000,2684,2687.5,2667.5,2671.5
1709105400,2671,2682,2653,2681
1709191800,2677,2713.5,2658.5,2712
1709278200,2712.5,2727,2703,2713.5
1709537400,2711.5,2726,2695.5,2726
1709623800,2724,2735,2704,2730
1709710200,2703.5,2732.5,2690.5,2699.5
1709796600,2691,2720.5,2673.5,2706.5
1709883000,2706,2709.5,2615,2642.5
1710142200,2641.5,2644,2594.5,2627
1710228600,2628,2660.5,2608.5,2620.5
1710315000,2626,2642,2613.5,2640.5
1710401400,2640.5,2659,2621,2642.5
1710487800,2645.5,2703.5,2645.5,2703.5
1710747000,2702.5,2732.5,2687.5,2717
1710833400,2714.5,2778.5,2710,2778.5
1711006200,2778,2798.5,2768,2792.5
1711092600,2788.5,2797,2749.5,2751.5
1711351800,2752,2764.5,2744,2758
1711438200,2763,2789,2760,2764.5
1711524600,2765,2780,2744.5,2749.5
1711611000,2748.5,2779,2746,2774
1711697400,2774.5,2785.5,2711.5,2724.5
1711956600,2728,2744,2706,2716
1712043000,2715,2721.5,2687.5,2711
1712129400,2712.5,2754.5,2711,2733
1712215800,2738,2747,2680.5,2706
1712302200,2709.5,2742.5,2700,2732
1712561400,2732.5,2758,2728.5,2758
1712647800,2756,2756.5,2731.5,2741
1712734200,2741,2753,2712,2749.5
1712820600,2750,2770,2727,2758
1712907000,2760,2760,2717,2751.5
1713166200,2751.5,2770,2690.5,2693.5
1713252600,2691,2707,2654.5,2654.5
1713339000,2661,2690.5,2651.5,2677
1713425400,2681,2683,2594,2626
1713511800,2636.5,2675.5,2631,2663
1713771000,2660,2689,2651.5,2664
1713857400,2668,2713.5,2664.5,2710
1713943800,2709,2709,2659.5,2662.5
1714030200,2661.5,2695,2636.5,2689.5
1714116600,2695.5,2758,2682.5,2747
1714462200,2746.5,2754,2716,2728
1714548600,2727.5,2744,2707.5,2722
1714635000,2720,2757,2689.5,2750
1715067000,2748.5,2752.5,2705,2709.5
1715153400,2713,2732,2706.5,2709.5
1715239800,2710.5,2755.5,2706.5,2729
1715326200,2732,2742,2712,2719.5
1715585400,2719,2743.5,2712,2728.5
1715671800,2725.5,2759.5,2724.5,2730.5
1715758200,2730,2750,2719,2735.5
1715844600,2734,2749.5,2719.5,2745
1715931000,2745,2786,2737,2769.5
1716190200,2771,2787,2756,2760
1716276600,2763,2764,2733.5,2736
1716363000,2735,2758.5,2723,2754
1716449400,2753.5,2763,2712.5,2742
1716535800,2740.5,2769.5,2738.5,2769.5
1716795000,2768.5,2773,2759.5,2771
1716881400,2772,2785,2738,2739.5
1716967800,2741.5,2743,2695.5,2726
1717054200,2722,2777.5,2722,2772
1717140600,2768.5,2811,2763,2799
1717399800,2796,2800.5,2769,2782
1717486200,2776.5,2777,2742.5,2749
1717572600,2748,2776,2745,2761
1717659000,2763.5,2767,2748,2752
1717745400,2752,2786.5,2747,2780.5
1718004600,2773.5,2803.5,2767.5,2780
1718091000,2779.5,2782.5,2752,2759
1718177400,2760,2776.5,2727.5,2732
1718263800,2736.5,2761,2705,2749
1718350200,2746,2747.5,2691,2693.5
1718609400,2701,2724,2696,2714
1718695800,2716.5,2735,2708.5,2728.5
1718782200,2726.5,2728.5,2703,2725
1718868600,2724.5,2749.5,2720,2727.5
1718955000,2725,2749.5,2713,2737
1719214200,2737.5,2789,2734,2785.5
1719300600,2784,2807.5,2774.5,2796.5
1719387000,2800,2801.5,2783.5,2793.5
1719473400,2796.5,2824.5,2791.5,2816
1719559800,2815,2845.5,2812.5,2827
1719819000,2828.5,2865,2820,2857.5
1719905400,2853.5,2878,2841.5,2874.5
1719991800,2875.5,2903.5,2866,2894.5
1720078200,2896,2909.5,2880,2885
1720164600,2884,2895,2867.5,2873
1720423800,2876.5,2909.5,2869,2896.5
1720510200,2895.5,2918.5,2886.5,2915.5
1720596600,2915.5,2952.5,2913,2929
1720683000,2924.5,2928,2883,2896.5
1720769400,2899,2923,2884,2905
1721115000,2904.5,2930,2901,2916
1721201400,2908,2909,2865,2873
1721287800,2869,2882.5,2844.5,2860
1721374200,2842.5,2861.5,2821,2824.5
1721633400,2825.5,2853,2825.5,2829
1721719800,2828.5,2837.5,2789.5,2793
1721806200,2788.5,2792,2699.5,2702.5
1721892600,2698,2728,2674,2700.5
1721979000,2708,2769,2706,2752.5
1722238200,2752.5,2760,2732.5,2751
1722324600,2759.5,2806,2720,2797
1722411000,2789,2791.5,2684.5,2696.5
1722497400,2690,2695.5,2531,2542.5
1722583800,2529.5,2532,2136,2199.5
1722843000,2230,2468,2200,2407.5
1722929400,2392,2542.5,2309,2480
1723015800,2453,2516.5,2405,2458.5
1723102200,2452,2526.5,2419,2476
1723188600,2483,2556.5,2456,2554
1723534200,2556,2599,2534.5,2580.5
1723620600,2579.5,2618,2551,2599.5
1723707000,2601.5,2683,2594,2683
1723793400,2680,2681,2628,2628
1724052600,2634,2685,2630.5,2672
1724139000,2668,2672,2633,2670
1724225400,2668,2686.5,2649,2675.5
1724311800,2672.5,2700,2658.5,2687.5
1724398200,2684.5,2705,2646,2658.5
1724657400,2660.5,2685.5,2652.5,2680.5
1724743800,2685,2699.5,2668,2692.5
1724830200,2694.5,2706,2663,2689
1724916600,2696,2719,2675.5,2715.5
1725003000,2718,2738,2700,2714.5
1725262200,2710.5,2741.5,2706.5,2731.5
1725348600,2734,2738,2624,2632.5
1725435000,2628.5,2654,2591.5,2615
1725521400,2619,2647.5,2584,2590
1725607800,2576.5,2605.5,2510.5,2585
1725867000,2593,2604,2572,2574.5
1725953400,2580.5,2597.5,2507.5,2541.5
1726039800,2527.5,2582,2490,2565.5
1726126200,2570.5,2579,2539,2544.5
1726212600,2555,2566.5,2496.5,2534.5
1726558200,2536,2572.5,2520.5,2544
1726644600,2547,2609.5,2538,2590
1726731000,2588,2644,2584.5,2615.5
1726817400,2631.5,2675.5,2630.5,2637
1727163000,2644,2655.5,2620,2628.5
1727249400,2633.5,2701,2633.5,2698
1727335800,2706.5,2757,2690,2746
1727422200,2640,2672.5,2598.5,2645.5
1727681400,2650.5,2700,2643.5,2700
1727767800,2692,2692,2637,2645.5
1727854200,2655,2722.5,2647,2686
1727940600,2678.5,2705.5,2667.5,2690.5
1728027000,2690.5,2769,2690.5,2739.5
1728286200,2735.5,2736.5,2688.5,2703.5
1728372600,2696,2732,2693.5,2708
1728459000,2700.5,2733.5,2699.5,2709
1728545400,2709,2727.5,2687,2708
1728631800,2701.5,2750,2698.5,2722
1728977400,2717.5,2723,2679,2690.5
1729063800,2686.5,2711.5,2682,2695
1729150200,2699,2716,2685.5,2690
1729236600,2696.5,2711,2672.5,2682.5
1729495800,2685.5,2694.5,2636.5,2653
1729582200,2658.5,2664.5,2632.5,2636.5
1729668600,2643,2646.5,2606,2634.5
1729755000,2638,2643.5,2606.5,2626.5
1729841400,2621.5,2667,2602,2662
1730100600,2667,2688.5,2641,2688.5
1730187000,2692.5,2718.5,2687,2715
1730273400,2717.5,2723,2681.5,2694.5
1730359800,2684,2692.5,2639,2645
1730446200,2642,2690.5,2639,2673.5
1730793600,2671.5,2748.5,2667.5,2726
1730880000,2734,2767,2717,2737
1730966400,2733,2774.5,2733,2745
1731052800,2746,2755.5,2708,2741
1731312000,2743,2772.5,2733,2743.5
1731398400,2745,2749,2701,2705
1731484800,2707,2738,2696,2703
1731571200,2709,2736.5,2705.5,2709.5
1731657600,2703.5,2708,2668,2694
1731916800,2690,2718,2689,2712
1732003200,2712,2721.5,2668,2706
1732089600,2707,2709,2675.5,2685
1732176000,2683.5,2711,2663.5,2698.5
1732262400,2699,2735.5,2680.5,2711
1732521600,2711,2723.5,2670,2693.5
1732608000,2690,2696.5,2653.5,2664.5
1732694400,2665,2692.5,2638.5,2688
1732780800,2687,2693,2668,2679
1732867200,2673,2720,2670,2710.5
1733126400,2708.5,2766.5,2706,2748
1733212800,2748,2763,2731,2741.5
1733299200,2747.5,2771.5,2735,2739.5
1733385600,2741.5,2760.5,2719,2721.5
1733472000,2726,2749,2721,2738
1733731200,2744.5,2761.5,2737.5,2741
1733817600,2741.5,2753,2733.5,2752
1733904000,2751.5,2794,2743.5,2769
1733990400,2771.5,2774,2732,2747.5
1734076800,2748,2763.5,2735.5,2742
1734336000,2740,2763.5,2723,2732
1734422400,2729,2742,2718.5,2724.5
1734508800,2727,2741,2669.5,2728.5
1734595200,2736,2753.5,2698.5,2702
1734681600,2701,2732,2681,2728
1734940800,2728,2739,2709.5,2734.5
1735027200,2732.5,2744,2708.5,2741
1735113600,2738,2773,2734.5,2767.5
1735200000,2764.5,2813,2759.5,2804.5
1735286400,2800.5,2817,2781,2786.5
1735858800,2781.5,2800.5,2729,2760
1736150400,2760.5,2800,2758,2781
1736236800,2781,2793.5,2762,2765.5
1736323200,2765.5,2774.5,2728.5,2737
1736409600,2733.5,2744,2712.5,2720
1736496000,2720,2724,2671,2683
1736841600,2686,2710,2681,2690.5
1736928000,2685.5,2717.5,2682,2697
1737014400,2701,2701,2650,2684.5
1737100800,2683.5,2723,2680,2715
1737360000,2714,2733.5,2695,2710.5
1737446400,2713.5,2744,2713,2736.5
1737532800,2736.5,2759,2733.5,2751
1737619200,2749.5,2781.5,2742,2750
1737705600,2754,2789.5,2745.5,2751.5
1737964800,2747.5,2776,2713,2759
1738051200,2763.5,2782.5,2757.5,2779.5
1738137600,2778,2787,2761,2778
1738224000,2781,2797,2776.5,2791
1738310400,2793,2801,2701.5,2730.5
1738569600,2734,2765.5,2718,2736
1738656000,2739.5,2769.5,2733,2740.5
1738742400,2741.5,2771,2730.5,2756.5
1738828800,2754,2761.5,2728.5,2741.5
1738915200,2741.5,2748.5,2714,2729.5
1739174400,2733.5,2751,2720.5,2740
1739347200,2739.5,2773.5,2726.5,2769
1739433600,2767,2786,2753.5,2753.5
1739520000,2758.5,2773.5,2753,2770
1739779200,2769.5,2791,2766,2776.5
1739865600,2777,2783,2757.5,2767.5
1739952000,2768.5,2768.5,2721.5,2736.5
1740038400,2738.5,2742,2716.5,2735
1740124800,2737,2741,2679.5,2725.5
1740470400,2715.5,2729.5,2691,2720.5
1740556800,2719.5,2741,2704,2738.5
1740643200,2736.5,2745,2669,2676
1740729600,2682,2735.5,2678,2735
1740988800,2731,2762.5,2684.5,2711
1741075200,2709,2729.5,2647.5,2721.5
1741161600,2720,2758,2705.5,2755
1741248000,2747,2748.5,2688.5,2705.5
1741334400,2711.5,2731,2686,2705
1741593600,2702.5,2702.5,2619.5,2671.5
1741680000,2669,2705,2627,2693
1741766400,2667.5,2700,2663,2670.5
1741852800,2671,2697.5,2656,2691.5
1741939200,2690,2731,2686.5,2729
1742198400,2730.5,2767,2726.5,2761.5
1742284800,2761.5,2788.5,2744,2771
1742371200,2764,2792,2738.5,2777.5
1742544000,2778.5,2784.5,2754,2761.5
1742803200,2766,2792,2762,2775
1742889600,2776.5,2803.5,2771,2790
1742976000,2789,2790,2759,2782.5
1743062400,2780.5,2788,2746,2747
1743148800,2739.5,2741,2651,2661
1743408000,2669.5,2700,2654.5,2660
1743494400,2656,2678.5,2630.5,2650.5
1743580800,2646,2699,2497.5,2574.5
1743667200,2568.5,2572.5,2438.5,2475.5
1743753600,2464.5,2469,2223.5,2267
1744012800,2262.5,2455.5,2256,2433.5
1744099200,2443.5,2488,2319.5,2350
1744185600,2389,2590.5,2301,2542.5
1744272000,2516,2516,2370,2458
1744358400,2430.5,2519.5,2393.5,2497.5
1744617600,2500,2529.5,2491,2516.5
1744704000,2523,2540.5,2478.5,2500
1744790400,2490,2536,2477.5,2535
1744876800,2534,2565.5,2525.5,2565.5
1744963200,2557.5,2564.5,2522.5,2524
1745222400,2520,2539,2497.5,2536.5
1745308800,2540.5,2613,2537.5,2586
1745395200,2596,2629,2588.5,2590.5
1745481600,2586,2640.5,2574.5,2636
1745568000,2630,2670,2618.5,2653.5
1745827200,2652,2685.5,2649,2664.5
1746000000,2672.5,2687.5,2631.5,2684
1746086400,2685,2714.5,2679.5,2687
1746172800,2689,2721.5,2678,2692
1746604800,2696.5,2705.5,2677.5,2703.5
1746691200,2704.5,2745,2702.5,2736
1746777600,2736.5,2753.5,2718.5,2745
1747036800,2777,2816.5,2771,2773.5
1747123200,2770.5,2784,2737,2761.5
1747209600,2764.5,2767.5,2724,2733
1747296000,2731.5,2752.5,2725.5,2743.5
1747382400,2747.5,2762,2729,2732.5
1747641600,2734.5,2762,2723,2737.5
1747728000,2734,2755,2728.5,2730.5
1747814400,2734,2740,2706.5,2720.5
1747900800,2713.5,2745,2698.5,2736.5
1747987200,2738.5,2757,2685,2756
1748246400,2755.5,2777.5,2746.5,2777.5
1748332800,2781,2820.5,2768.5,2770.5
1748419200,2773.5,2816,2766.5,2808
1748505600,2806,2811.5,2767,2797.5
1748592000,2801.5,2803,2763,2778.5
1748851200,2770,2797.5,2763.5,2773
1748937600,2769.5,2793.5,2765.5,2786.5
1749024000,2792.5,2794,2753,2753.5
1749110400,2759.5,2775.5,2741.5,2773.5
1749196800,2773,2800.5,2771.5,2788
1749456000,2787.5,2803,2780,2786
1749542400,2786,2797,2781.5,2789
1749628800,2791,2806.5,2773,2780
1749715200,2775.5,2791,2738.5,2753
1749801600,2760,2785,2759.5,2780.5
1750060800,2783.5,2795.5,2775.5,2784.5
1750147200,2779.5,2810.5,2765,2807
1750233600,2805.5,2815,2785,2791
1750320000,2790.5,2801.5,2762.5,2765
1750406400,2770,2778.5,2745.5,2762
1750665600,2769,2798.5,2756,2784.5
1750752000,2777.5,2791,2767,2783
1750838400,2783.5,2806,2772,2802.5
1750924800,2803,2848.5,2797,2847
1751011200,2848,2873,2845.5,2855.5
1751270400,2854,2856,2827.5,2828
1751356800,2823.5,2837.5,2810,2827
1751443200,2826,2830,2816.5,2826.5
1751529600,2828,2856,2821,2826
1751616000,2824,2834,2808,2809.5
1751875200,2811.5,2833.5,2801.5,2825
1751961600,2826.5,2838.5,2820,2828
1752048000,2831,2836.5,2802.5,2814.5
1752134400,2815.5,2844,2814,2822.5
1752220800,2813,2835,2809.5,2823
1752480000,2827.5,2840.5,2816,2826
1752566400,2825.5,2834.5,2814,2816.5
1752652800,2820.5,2846,2788.5,2844
1752739200,2839.5,2854.5,2833,2838.5
1752825600,2839.5,2865,2822,2837
1753171200,2835,2940,2824,2929.5
1753257600,2921,2988.5,2921,2980.5
1753344000,2979,2981,2948,2948
1753430400,2943,2962.5,2926,2927
1753689600,2928,2932,2902,2913
1753776000,2915,2926,2896.5,2923
1753862400,2924,2949,2912.5,2949
1753948800,2947,2969.5,2927.5,2952.5
1754035200,2941.5,2944,2877,2920.5
1754294400,2922,2946,2921,2946
1754380800,2942,2973,2928.5,2968.5
1754467200,2970,2997,2957.5,2988
1754553600,2988.5,3042,2988.5,3026.5
1754640000,3028,3084.5,3026.5,3063.5
1754985600,3067.5,3105,3060.5,3098.5
1755072000,3103,3103.5,3054.5,3059
1755158400,3060,3114,3049.5,3114
1755244800,3111,3132,3100.5,3123.5
1755504000,3122.5,3133.5,3107,3119.5
1755590400,3121.5,3137.5,3093,3104.5
1755676800,3107.5,3108,3076,3083.5
1755763200,3085,3104.5,3078,3099.5
1755849600,3104,3128.5,3099,3103
1756108800,3104.5,3104.5,3063.5,3068
1756195200,3064,3080.5,3056,3068
1756281600,3065.5,3098,3056,3098
1756368000,3101.5,3101.5,3069,3072.5
1756454400,3070,3080.5,3038.5,3066.5
1756713600,3068,3087.5,3067.5,3085
1756800000,3074.5,3079.5,3042.5,3053.5
1756886400,3057,3085,3051.5,3083
1756972800,3084.5,3113,3074.5,3109.5
1757059200,3108,3150,3078,3139.5
1757318400,3135,3166,3119.5,3127
1757404800,3128.5,3146,3105,3146
1757491200,3120.5,3128.5,3103.5,3127
1757577600,3130,3150.5,3127.5,3135.5
1757664000,3131,3157.5,3126.5,3145
1758009600,3140,3143.5,3108,3125
1758096000,3125,3145,3111.5,3143.5
1758182400,3148,3168,3100,3118
1758268800,3122,3155,3122,3139.5
1758528000,3135,3157,3121.5,3146.5
1758700800,3149,3167.5,3146.5,3156.5
1758787200,3156.5,3181.5,3140,3153
1758873600,3159.5,3167.5,3132.5,3140
1759132800,3137,3152,3118,3137
1759219200,3128.5,3132,3084.5,3090
1759305600,3085,3110.5,3074.5,3094.5
1759392000,3091.5,3139,3082.5,3137.5
1759478400,3140,3260,3137.5,3237
1759737600,3232,3267.5,3228,3229
1759824000,3230.5,3269.5,3222.5,3237.5
1759910400,3248,3265,3241.5,3262
1759996800,3260,3267,3167.5,3174
1760083200,3165.5,3189,3059,3133
1760428800,3127,3191.5,3125,3191
1760515200,3193.5,3219.5,3183.5,3209.5
1760601600,3213,3217,3167.5,3167.5
1760688000,3152,3257,3149,3257
1760947200,3256,3278.5,3240,3247
1761033600,3247.5,3281.5,3242.5,3264.5
1761120000,3266,3266.5,3229,3253
1761206400,3256.5,3283.5,3251.5,3273
1761292800,3268,3333,3266,3331.5
1761552000,3333,3333,3320.5,3323.5